index,imgs,category
1,1.png,Line chart
2,2.png,Bar chart2
3,3.png,Line chart
4,4.png,Bar chart2
5,5.png,Bar chart2
6,6.png,Bar chart1
7,7.png,Bar chart1
8,8.png,Line chart
9,9.png,Bar chart2
10,10.png,Bar chart1
11,11.png,Bar chart2
12,12.png,Bar chart2
13,13.png,Bar chart1
14,14.png,Bar chart1
15,15.png,Line chart
16,16.png,Bar chart2
17,17.png,Bar chart2
18,18.png,Bar chart1
19,19.png,Bar chart2
20,20.png,Line chart
21,21.png,Bar chart2
22,22.png,Bar chart1
23,23.png,Line chart
24,24.png,Bar chart2
25,25.png,Line chart
26,26.png,Line chart
27,27.png,Bar chart2
28,28.png,Bar chart2
29,29.png,Bar chart2
30,30.png,Bar chart2
31,31.png,Bar chart2
32,32.png,Bar chart2
33,33.png,Bar chart2
34,34.png,Line chart
35,35.png,Line chart
36,36.png,Bar chart
37,37.png,Bar chart2
38,38.png,Bar chart2
39,39.png,Bar chart2
40,40.png,Bar chart2
41,41.png,Bar chart2
42,42.png,Line chart
43,43.png,Line chart
44,44.png,Bar chart2
45,45.png,Bar chart1
46,46.png,Bar chart1
47,47.png,Bar chart2
48,48.png,Bar chart1
49,49.png,Line chart
50,50.png,Bar chart2
51,51.png,Bar chart2
52,52.png,Line chart
53,53.png,Line chart
54,54.png,Line chart
55,55.png,Bar chart2
56,56.png,Bar chart1
57,57.png,Line chart
58,58.png,Bar chart2
59,59.png,Bar chart2
60,60.png,Bar chart2
61,61.png,Bar chart2
62,62.png,Bar chart2
63,63.png,Bar chart2
64,64.png,Bar chart1
65,65.png,Bar chart1
66,66.png,Line chart
67,67.png,Bar chart2
68,68.png,Bar chart2
69,69.png,Bar chart1
70,70.png,Bar chart2
71,71.png,Bar chart2
72,72.png,Bar chart2
73,73.png,Bar chart2
74,74.png,Line chart
75,75.png,Bar chart1
76,76.png,Bar chart2
77,77.png,Line chart
78,78.png,Bar chart1
79,79.png,Line chart
80,80.png,Bar chart2
81,81.png,Bar chart2
82,82.png,Bar chart2
83,83.png,Bar chart2
84,84.png,Bar chart2
85,85.png,Bar chart1
86,86.png,Bar chart2
87,87.png,Line chart
88,88.png,Bar chart2
89,89.png,Bar chart2
90,90.png,Line chart
91,91.png,Line chart
92,92.png,Bar chart1
93,93.png,Bar chart2
94,94.png,Bar chart2
95,95.png,Bar chart2
96,96.png,Line chart
97,97.png,Line chart
98,98.png,Bar chart2
99,99.png,Bar chart2
100,100.png,Bar chart2
101,101.png,Bar chart2
102,102.png,Line chart
103,103.png,Bar chart2
104,104.png,Line chart
105,105.png,Bar chart1
106,106.png,Line chart
107,107.png,Bar chart2
108,108.png,Line chart
109,109.png,Bar chart2
110,110.png,Pie chart
111,111.png,Bar chart1
112,112.png,Bar chart2
113,113.png,Bar chart2
114,114.png,Bar chart1
115,115.png,Bar chart2
116,116.png,Bar chart1
117,117.png,Bar chart2
118,118.png,Bar chart2
119,119.png,Bar chart2
120,120.png,Bar chart1
121,121.png,Bar chart2
122,122.png,Line chart
123,123.png,Bar chart2
124,124.png,Bar chart1
125,125.png,Bar chart2
126,126.png,Bar chart2
127,127.png,Bar chart1
128,128.png,Line chart
129,129.png,Bar chart1
130,130.png,Line chart
131,131.png,Bar chart2
132,132.png,Line chart
133,133.png,Bar chart2
134,134.png,Bar chart1
135,135.png,Bar chart2
136,136.png,Line chart
137,137.png,Bar chart2
138,138.png,Line chart
139,139.png,Bar chart2
140,140.png,Line chart
141,141.png,Bar chart2
142,142.png,Bar chart1
143,143.png,Bar chart2
144,144.png,Line chart
145,145.png,Line chart
146,146.png,Bar chart1
147,147.png,Line chart
148,148.png,Line chart
149,149.png,Bar chart2
150,150.png,Bar chart2
151,151.png,Bar chart2
152,152.png,Line chart
153,153.png,Bar chart2
154,154.png,Bar chart2
155,155.png,Bar chart2
156,156.png,Bar chart2
157,157.png,Line chart
158,158.png,Bar chart
159,159.png,Bar chart
160,160.png,Bar chart
161,161.png,Bar chart
162,162.png,Bar chart
163,163.png,Bar chart
164,164.png,Bar chart
165,165.png,Bar chart
166,166.png,Line chart
167,167.png,Bar chart
168,168.png,Line chart
169,169.png,Bar chart
170,170.png,Bar chart
171,171.png,Line chart
172,172.png,Bar chart
173,173.png,Bar chart
174,174.png,Line chart
175,175.png,Line chart
176,176.png,Bar chart
177,177.png,Bar chart
178,178.png,Bar chart
179,179.png,Bar chart
180,180.png,Bar chart
181,181.png,Bar chart
182,182.png,Bar chart
183,183.png,Bar chart
184,184.png,Bar chart
185,185.png,Line chart
186,186.png,Bar chart
187,187.png,Bar chart
188,188.png,Bar chart
189,189.png,Bar chart
190,190.png,Bar chart
191,191.png,Bar chart
192,192.png,Bar chart
193,193.png,Line chart
194,194.png,Bar chart
195,195.png,Bar chart
196,196.png,Bar chart
197,197.png,Bar chart
198,198.png,Line chart
199,199.png,Bar chart
200,200.png,Bar chart
201,201.png,Bar chart
202,202.png,Bar chart
203,203.png,Bar chart
204,204.png,Bar chart
205,205.png,Bar chart
206,206.png,Bar chart
207,207.png,Bar chart
208,208.png,Bar chart
209,209.png,Bar chart
210,210.png,Bar chart
211,211.png,Bar chart
212,212.png,Bar chart
213,213.png,Bar chart
214,214.png,Bar chart
215,215.png,Bar chart
216,216.png,Bar chart
217,217.png,Bar chart
218,218.png,Bar chart
219,219.png,Bar chart
220,220.png,Bar chart
221,221.png,Bar chart
222,222.png,Bar chart
223,223.png,Bar chart
224,224.png,Bar chart
225,225.png,Line chart
226,226.png,Bar chart
227,227.png,Line chart
228,228.png,Bar chart
229,229.png,Line chart
230,230.png,Line chart
231,231.png,Bar chart
232,232.png,Bar chart
233,233.png,Bar chart
234,234.png,Bar chart
235,235.png,Bar chart
236,236.png,Bar chart
237,237.png,Bar chart
238,238.png,Bar chart
239,239.png,Line chart
240,240.png,Bar chart
241,241.png,Line chart
242,242.png,Bar chart
243,243.png,Line chart
244,244.png,Bar chart
245,245.png,Bar chart
246,246.png,Line chart
247,247.png,Bar chart
248,248.png,Bar chart
249,249.png,Bar chart
250,250.png,Bar chart
251,251.png,Line chart
252,252.png,Bar chart
253,253.png,Bar chart
254,254.png,Line chart
255,255.png,Bar chart
256,256.png,Bar chart
257,257.png,Bar chart
258,258.png,Bar chart
259,259.png,Bar chart
260,260.png,Bar chart
261,261.png,Line chart
262,262.png,Bar chart
263,263.png,Bar chart
264,264.png,Bar chart
265,265.png,Bar chart
266,266.png,Bar chart
267,267.png,Line chart
268,268.png,Bar chart
269,269.png,Bar chart
270,270.png,Line chart
271,271.png,Line chart
272,272.png,Bar chart
273,273.png,Bar chart
274,274.png,Line chart
275,275.png,Bar chart
276,276.png,Bar chart
277,277.png,Line chart
278,278.png,Bar chart
279,279.png,Bar chart
280,280.png,Line chart
281,281.png,Bar chart
282,282.png,Bar chart
283,283.png,Line chart
284,284.png,Bar chart
285,285.png,Bar chart
286,286.png,Bar chart
287,287.png,Line chart
288,288.png,Bar chart
289,289.png,Line chart
290,290.png,Bar chart
291,291.png,Line chart
292,292.png,Bar chart
293,293.png,Bar chart
294,294.png,Bar chart
295,295.png,Bar chart
296,296.png,Bar chart
297,297.png,Bar chart
298,298.png,Bar chart
299,299.png,Bar chart
300,300.png,Line chart
301,301.png,Line chart
302,302.png,Bar chart
303,303.png,Bar chart
304,304.png,Bar chart
305,305.png,Bar chart
306,306.png,Bar chart
307,307.png,Line chart
308,308.png,Bar chart
309,309.png,Line chart
310,310.png,Line chart
311,311.png,Line chart
312,312.png,Bar chart
313,313.png,Bar chart
314,314.png,Bar chart
315,315.png,Bar chart
316,316.png,Bar chart
317,317.png,Bar chart
318,318.png,Bar chart
319,319.png,Line chart
320,320.png,Bar chart
321,321.png,Bar chart
322,322.png,Bar chart
323,323.png,Bar chart
324,324.png,Bar chart
325,325.png,Bar chart
326,326.png,Bar chart
327,327.png,Bar chart
328,328.png,Line chart
329,329.png,Line chart
330,330.png,Line chart
331,331.png,Bar chart
332,332.png,Bar chart
333,333.png,Line chart
334,334.png,Line chart
335,335.png,Line chart
336,336.png,Bar chart
337,337.png,Line chart
338,338.png,Bar chart
339,339.png,Bar chart
340,340.png,Bar chart
341,341.png,Line chart
342,342.png,Bar chart
343,343.png,Bar chart
344,344.png,Line chart
345,345.png,Line chart
346,346.png,Bar chart
347,347.png,Bar chart
348,348.png,Bar chart
349,349.png,Bar chart
350,350.png,Line chart
351,351.png,Bar chart
352,352.png,Bar chart
353,353.png,Bar chart
354,354.png,Line chart
355,355.png,Bar chart
356,356.png,Bar chart
357,357.png,Line chart
358,358.png,Bar chart
359,359.png,Bar chart
360,360.png,Bar chart
361,361.png,Bar chart
362,362.png,Bar chart
363,363.png,Bar chart
364,364.png,Line chart
365,365.png,Bar chart
366,366.png,Line chart
367,367.png,Line chart
368,368.png,Bar chart
369,369.png,Line chart
370,370.png,Bar chart
371,371.png,Bar chart
372,372.png,Bar chart
373,373.png,Line chart
374,374.png,Line chart
375,375.png,Bar chart
376,376.png,Bar chart
377,377.png,Bar chart
378,378.png,Bar chart
379,379.png,Line chart
380,380.png,Bar chart
381,381.png,Line chart
382,382.png,Bar chart
383,383.png,Bar chart
384,384.png,Bar chart
385,385.png,Bar chart
386,386.png,Bar chart
387,387.png,Bar chart
388,388.png,Bar chart
389,389.png,Line chart
390,390.png,Line chart
391,391.png,Bar chart
392,392.png,Line chart
393,393.png,Bar chart
394,394.png,Bar chart
395,395.png,Bar chart
396,396.png,Bar chart
397,397.png,Bar chart
398,398.png,Line chart
399,399.png,Bar chart
400,400.png,Bar chart
401,401.png,Bar chart
402,402.png,Bar chart
403,403.png,Bar chart
404,404.png,Line chart
405,405.png,Line chart
406,406.png,Bar chart
407,407.png,Line chart
408,408.png,Bar chart
409,409.png,Bar chart
410,410.png,Bar chart
411,411.png,Bar chart
412,412.png,Bar chart
413,413.png,Bar chart
414,414.png,Bar chart
415,415.png,Line chart
416,416.png,Bar chart
417,417.png,Bar chart
418,418.png,Bar chart
419,419.png,Bar chart
420,420.png,Line chart
421,421.png,Bar chart
422,422.png,Bar chart
423,423.png,Bar chart
424,424.png,Bar chart
425,425.png,Bar chart
426,426.png,Bar chart
427,427.png,Line chart
428,428.png,Bar chart
429,429.png,Line chart
430,430.png,Line chart
431,431.png,Bar chart
432,432.png,Bar chart
433,433.png,Bar chart
434,434.png,Line chart
435,435.png,Bar chart
436,436.png,Bar chart
437,437.png,Bar chart
438,438.png,Bar chart
439,439.png,Bar chart
440,440.png,Bar chart
441,441.png,Bar chart
442,442.png,Line chart
443,443.png,Bar chart
444,444.png,Bar chart
445,445.png,Line chart
446,446.png,Bar chart
447,447.png,Bar chart
448,448.png,Bar chart
449,449.png,Bar chart
450,450.png,Bar chart
451,451.png,Bar chart
452,452.png,Bar chart
453,453.png,Bar chart
454,454.png,Bar chart
455,455.png,Bar chart
456,456.png,Bar chart
457,457.png,Bar chart
458,458.png,Bar chart
459,459.png,Bar chart
460,460.png,Line chart
461,461.png,Bar chart
462,462.png,Line chart
463,463.png,Bar chart
464,464.png,Bar chart
465,465.png,Bar chart
466,466.png,Bar chart
467,467.png,Line chart
468,468.png,Line chart
469,469.png,Bar chart
470,470.png,Bar chart
471,471.png,Bar chart
472,472.png,Bar chart
473,473.png,Bar chart
474,474.png,Pie chart
475,475.png,Bar chart
476,476.png,Bar chart
477,477.png,Bar chart
478,478.png,Bar chart
479,479.png,Bar chart
480,480.png,Bar chart
481,481.png,Bar chart
482,482.png,Line chart
483,483.png,Bar chart
484,484.png,Bar chart
485,485.png,Bar chart
486,486.png,Bar chart
487,487.png,Bar chart
488,488.png,Line chart
489,489.png,Bar chart
490,490.png,Bar chart
491,491.png,Bar chart
492,492.png,Bar chart
493,493.png,Bar chart
494,494.png,Bar chart
495,495.png,Bar chart
496,496.png,Bar chart
497,497.png,Bar chart
498,498.png,Bar chart
499,499.png,Bar chart
500,500.png,Bar chart
501,501.png,Line chart
502,502.png,Bar chart
503,503.png,Line chart
504,504.png,Bar chart
505,505.png,Bar chart
506,506.png,Bar chart
507,507.png,Bar chart
508,508.png,Bar chart
509,509.png,Bar chart
510,510.png,Bar chart
511,511.png,Line chart
512,512.png,Bar chart
513,513.png,Bar chart
514,514.png,Bar chart
515,515.png,Bar chart
516,516.png,Bar chart
517,517.png,Bar chart
518,518.png,Bar chart
519,519.png,Bar chart
520,520.png,Bar chart
521,521.png,Bar chart
522,522.png,Line chart
523,523.png,Bar chart
524,524.png,Bar chart
525,525.png,Bar chart
526,526.png,Bar chart
527,527.png,Line chart
528,528.png,Bar chart
529,529.png,Bar chart
530,530.png,Bar chart
531,531.png,Line chart
532,532.png,Bar chart
533,533.png,Bar chart
534,534.png,Bar chart
535,535.png,Bar chart
536,536.png,Bar chart
537,537.png,Bar chart
538,538.png,Bar chart
539,539.png,Bar chart
540,540.png,Bar chart
541,541.png,Bar chart
542,542.png,Line chart
543,543.png,Line chart
544,544.png,Bar chart
545,545.png,Bar chart
546,546.png,Line chart
547,547.png,Bar chart
548,548.png,Bar chart
549,549.png,Bar chart
550,550.png,Bar chart
551,551.png,Bar chart
552,552.png,Bar chart
553,553.png,Bar chart
554,554.png,Line chart
555,555.png,Bar chart
556,556.png,Bar chart
557,557.png,Line chart
558,558.png,Bar chart
559,559.png,Bar chart
560,560.png,Line chart
561,561.png,Bar chart
562,562.png,Line chart
563,563.png,Bar chart
564,564.png,Bar chart
565,565.png,Bar chart
566,566.png,Bar chart
567,567.png,Bar chart
568,568.png,Bar chart
569,569.png,Bar chart
570,570.png,Bar chart
571,571.png,Bar chart
572,572.png,Bar chart
573,573.png,Bar chart
574,574.png,Bar chart
575,575.png,Line chart
576,576.png,Bar chart
577,577.png,Bar chart
578,578.png,Bar chart
579,579.png,Line chart
580,580.png,Bar chart
581,581.png,Bar chart
582,582.png,Bar chart
583,583.png,Bar chart
584,584.png,Line chart
585,585.png,Bar chart
586,586.png,Bar chart
587,587.png,Bar chart
588,588.png,Bar chart
589,589.png,Line chart
590,590.png,Line chart
591,591.png,Bar chart
592,592.png,Pie chart
593,593.png,Bar chart
594,594.png,Line chart
595,595.png,Bar chart
596,596.png,Bar chart
597,597.png,Line chart
598,598.png,Bar chart
599,599.png,Bar chart
600,600.png,Bar chart
601,601.png,Bar chart
602,602.png,Bar chart
603,603.png,Bar chart
604,604.png,Bar chart
605,605.png,Bar chart
606,606.png,Line chart
607,607.png,Bar chart
608,608.png,Bar chart
609,609.png,Bar chart
610,610.png,Bar chart
611,611.png,Bar chart
612,612.png,Line chart
613,613.png,Bar chart
614,614.png,Bar chart
615,615.png,Line chart
616,616.png,Bar chart
617,617.png,Bar chart
618,618.png,Line chart
619,619.png,Bar chart
620,620.png,Bar chart
621,621.png,Bar chart
622,622.png,Bar chart
623,623.png,Line chart
624,624.png,Line chart
625,625.png,Bar chart
626,626.png,Bar chart
627,627.png,Bar chart
628,628.png,Bar chart
629,629.png,Bar chart
630,630.png,Bar chart
631,631.png,Bar chart
632,632.png,Bar chart
633,633.png,Line chart
634,634.png,Bar chart
635,635.png,Bar chart
636,636.png,Bar chart
637,637.png,Line chart
638,638.png,Bar chart
639,639.png,Bar chart
640,640.png,Line chart
641,641.png,Bar chart
642,642.png,Bar chart
643,643.png,Bar chart
644,644.png,Bar chart
645,645.png,Bar chart
646,646.png,Bar chart
647,647.png,Line chart
648,648.png,Bar chart
649,649.png,Bar chart
650,650.png,Bar chart
651,651.png,Bar chart
652,652.png,Line chart
653,653.png,Line chart
654,654.png,Bar chart
655,655.png,Line chart
656,656.png,Line chart
657,657.png,Bar chart
658,658.png,Bar chart
659,659.png,Bar chart
660,660.png,Bar chart
661,661.png,Bar chart
662,662.png,Line chart
663,663.png,Line chart
664,664.png,Bar chart
665,665.png,Bar chart
666,666.png,Bar chart
667,667.png,Bar chart
668,668.png,Line chart
669,669.png,Bar chart
670,670.png,Bar chart
671,671.png,Bar chart
672,672.png,Bar chart
673,673.png,Line chart
674,674.png,Bar chart
675,675.png,Bar chart
676,676.png,Bar chart
677,677.png,Line chart
678,678.png,Bar chart
679,679.png,Bar chart
680,680.png,Bar chart
681,681.png,Bar chart
682,682.png,Bar chart
683,683.png,Bar chart
684,684.png,Bar chart
685,685.png,Bar chart
686,686.png,Bar chart
687,687.png,Bar chart
688,688.png,Bar chart
689,689.png,Bar chart
690,690.png,Bar chart
691,691.png,Bar chart
692,692.png,Line chart
693,693.png,Bar chart
694,694.png,Bar chart
695,695.png,Line chart
696,696.png,Bar chart
697,697.png,Line chart
698,698.png,Bar chart
699,699.png,Bar chart
700,700.png,Line chart
701,701.png,Bar chart
702,702.png,Line chart
703,703.png,Bar chart
704,704.png,Bar chart
705,705.png,Bar chart
706,706.png,Bar chart
707,707.png,Bar chart
708,708.png,Bar chart
709,709.png,Bar chart
710,710.png,Bar chart
711,711.png,Bar chart
712,712.png,Bar chart
713,713.png,Bar chart
714,714.png,Bar chart
715,715.png,Bar chart
716,716.png,Bar chart
717,717.png,Line chart
718,718.png,Bar chart
719,719.png,Bar chart
720,720.png,Line chart
721,721.png,Bar chart
722,722.png,Bar chart
723,723.png,Bar chart
724,724.png,Bar chart
725,725.png,Bar chart
726,726.png,Bar chart
727,727.png,Line chart
728,728.png,Bar chart
729,729.png,Bar chart
730,730.png,Bar chart
731,731.png,Bar chart
732,732.png,Bar chart
733,733.png,Bar chart
734,734.png,Bar chart
735,735.png,Bar chart
736,736.png,Bar chart
737,737.png,Bar chart
738,738.png,Bar chart
739,739.png,Line chart
740,740.png,Bar chart
741,741.png,Bar chart
742,742.png,Bar chart
743,743.png,Bar chart
744,744.png,Line chart
745,745.png,Line chart
746,746.png,Bar chart
747,747.png,Bar chart
748,748.png,Line chart
749,749.png,Line chart
750,750.png,Bar chart
751,751.png,Line chart
752,752.png,Line chart
753,753.png,Bar chart
754,754.png,Bar chart
755,755.png,Bar chart
756,756.png,Line chart
757,757.png,Bar chart
758,758.png,Bar chart
759,759.png,Bar chart
760,760.png,Bar chart
761,761.png,Line chart
762,762.png,Bar chart
763,763.png,Bar chart
764,764.png,Bar chart
765,765.png,Line chart
766,766.png,Bar chart
767,767.png,Bar chart
768,768.png,Line chart
769,769.png,Bar chart
770,770.png,Bar chart
771,771.png,Bar chart
772,772.png,Bar chart
773,773.png,Bar chart
774,774.png,Bar chart
775,775.png,Bar chart
776,776.png,Bar chart
777,777.png,Bar chart
778,778.png,Bar chart
779,779.png,Bar chart
780,780.png,Bar chart
781,781.png,Bar chart
782,782.png,Line chart
783,783.png,Bar chart
784,784.png,Line chart
785,785.png,Bar chart
786,786.png,Line chart
787,787.png,Line chart
788,788.png,Bar chart
789,789.png,Bar chart
790,790.png,Bar chart
791,791.png,Bar chart
792,792.png,Line chart
793,793.png,Bar chart
794,794.png,Line chart
795,795.png,Bar chart
796,796.png,Bar chart
797,797.png,Bar chart
798,798.png,Line chart
799,799.png,Bar chart
800,800.png,Bar chart
801,801.png,Line chart
802,802.png,Bar chart
803,803.png,Bar chart
804,804.png,Bar chart
805,805.png,Line chart
806,806.png,Line chart
807,807.png,Bar chart
808,808.png,Bar chart
809,809.png,Line chart
810,810.png,Bar chart
811,811.png,Bar chart
812,812.png,Bar chart
813,813.png,Bar chart
814,814.png,Bar chart
815,815.png,Line chart
816,816.png,Line chart
817,817.png,Bar chart
818,818.png,Line chart
819,819.png,Line chart
820,820.png,Bar chart
821,821.png,Line chart
822,822.png,Bar chart
823,823.png,Line chart
824,824.png,Bar chart
825,825.png,Bar chart
826,826.png,Bar chart
827,827.png,Bar chart
828,828.png,Bar chart
829,829.png,Bar chart
830,830.png,Bar chart
831,831.png,Line chart
832,832.png,Bar chart
833,833.png,Bar chart
834,834.png,Bar chart
835,835.png,Bar chart
836,836.png,Bar chart
837,837.png,Line chart
838,838.png,Bar chart
839,839.png,Bar chart
840,840.png,Bar chart
841,841.png,Line chart
842,842.png,Bar chart
843,843.png,Bar chart
844,844.png,Bar chart
845,845.png,Bar chart
846,846.png,Bar chart
847,847.png,Bar chart
848,848.png,Bar chart
849,849.png,Bar chart
850,850.png,Bar chart
851,851.png,Bar chart
852,852.png,Line chart
853,853.png,Line chart
854,854.png,Bar chart
855,855.png,Bar chart
856,856.png,Bar chart
857,857.png,Bar chart
858,858.png,Line chart
859,859.png,Line chart
860,860.png,Bar chart
861,861.png,Bar chart
862,862.png,Bar chart
863,863.png,Bar chart
864,864.png,Line chart
865,865.png,Bar chart
866,866.png,Line chart
867,867.png,Line chart
868,868.png,Bar chart
869,869.png,Bar chart
870,870.png,Line chart
871,871.png,Bar chart
872,872.png,Bar chart
873,873.png,Bar chart
874,874.png,Line chart
875,875.png,Bar chart
876,876.png,Bar chart
877,877.png,Line chart
878,878.png,Bar chart
879,879.png,Bar chart
880,880.png,Bar chart
881,881.png,Bar chart
882,882.png,Bar chart
883,883.png,Bar chart
884,884.png,Bar chart
885,885.png,Bar chart
886,886.png,Line chart
887,887.png,Bar chart
888,888.png,Bar chart
889,889.png,Bar chart
890,890.png,Bar chart
891,891.png,Bar chart
892,892.png,Bar chart
893,893.png,Line chart
894,894.png,Bar chart
895,895.png,Bar chart
896,896.png,Bar chart
897,897.png,Bar chart
898,898.png,Bar chart
899,899.png,Bar chart
900,900.png,Bar chart
901,901.png,Line chart
902,902.png,Bar chart
903,903.png,Line chart
904,904.png,Bar chart
905,905.png,Bar chart
906,906.png,Bar chart
907,907.png,Bar chart
908,908.png,Line chart
909,909.png,Bar chart
910,910.png,Bar chart
911,911.png,Line chart
912,912.png,Bar chart
913,913.png,Bar chart
914,914.png,Bar chart
915,915.png,Line chart
916,916.png,Bar chart
917,917.png,Bar chart
918,918.png,Bar chart
919,919.png,Bar chart
920,920.png,Line chart
921,921.png,Bar chart
922,922.png,Bar chart
923,923.png,Bar chart
924,924.png,Line chart
925,925.png,Line chart
926,926.png,Bar chart
927,927.png,Bar chart
928,928.png,Line chart
929,929.png,Bar chart
930,930.png,Bar chart
931,931.png,Bar chart
932,932.png,Bar chart
933,933.png,Bar chart
934,934.png,Bar chart
935,935.png,Bar chart
936,936.png,Line chart
937,937.png,Bar chart
938,938.png,Bar chart
939,939.png,Bar chart
940,940.png,Bar chart
941,941.png,Bar chart
942,942.png,Bar chart
943,943.png,Bar chart
944,944.png,Bar chart
945,945.png,Bar chart
946,946.png,Bar chart
947,947.png,Bar chart
948,948.png,Bar chart
949,949.png,Bar chart
950,950.png,Bar chart
951,951.png,Bar chart
952,952.png,Bar chart
953,953.png,Bar chart
954,954.png,Bar chart
955,955.png,Bar chart
956,956.png,Bar chart
957,957.png,Line chart
958,958.png,Line chart
959,959.png,Bar chart
960,960.png,Line chart
961,961.png,Bar chart
962,962.png,Line chart
963,963.png,Bar chart
964,964.png,Bar chart
965,965.png,Line chart
966,966.png,Bar chart
967,967.png,Bar chart
968,968.png,Bar chart
969,969.png,Bar chart
970,970.png,Line chart
971,971.png,Bar chart
972,972.png,Bar chart
973,973.png,Bar chart
974,974.png,Bar chart
975,975.png,Line chart
976,976.png,Bar chart
977,977.png,Bar chart
978,978.png,Bar chart
979,979.png,Bar chart
980,980.png,Line chart
981,981.png,Bar chart
982,982.png,Bar chart
983,983.png,Bar chart
984,984.png,Bar chart
985,985.png,Bar chart
986,986.png,Bar chart
987,987.png,Bar chart
988,988.png,Bar chart
989,989.png,Bar chart
990,990.png,Line chart
991,991.png,Bar chart
992,992.png,Bar chart
993,993.png,Line chart
994,994.png,Bar chart
995,995.png,Bar chart
996,996.png,Bar chart
997,997.png,Bar chart
998,998.png,Bar chart
999,999.png,Line chart
1000,1000.png,Bar chart
1001,1001.png,Bar chart
1002,1002.png,Bar chart
1003,1003.png,Bar chart
1004,1004.png,Bar chart
1005,1005.png,Bar chart
1006,1006.png,Bar chart
1007,1007.png,Bar chart
1008,1008.png,Bar chart
1009,1009.png,Bar chart
1010,1010.png,Bar chart
1011,1011.png,Line chart
1012,1012.png,Bar chart
1013,1013.png,Bar chart
1014,1014.png,Bar chart
1015,1015.png,Bar chart
1016,1016.png,Bar chart
1017,1017.png,Bar chart
1018,1018.png,Bar chart
1019,1019.png,Line chart
1020,1020.png,Bar chart
1021,1021.png,Line chart
1022,1022.png,Bar chart
1023,1023.png,Line chart
1024,1024.png,Bar chart
1025,1025.png,Bar chart
1026,1026.png,Bar chart
1027,1027.png,Bar chart
1028,1028.png,Bar chart
1029,1029.png,Bar chart
1030,1030.png,Line chart
1031,1031.png,Bar chart
1032,1032.png,Bar chart
1033,1033.png,Bar chart
1034,1034.png,Bar chart
1035,1035.png,Bar chart
1036,1036.png,Line chart
1037,1037.png,Bar chart
1038,1038.png,Line chart
1039,1039.png,Bar chart
1040,1040.png,Line chart
1041,1041.png,Bar chart
1042,1042.png,Bar chart
1043,1043.png,Bar chart
1044,1044.png,Bar chart
1045,1045.png,Bar chart
1046,1046.png,Bar chart
1047,1047.png,Bar chart
1048,1048.png,Bar chart
1049,1049.png,Bar chart
1050,1050.png,Bar chart
1051,1051.png,Bar chart
1052,1052.png,Bar chart
1053,1053.png,Bar chart
1054,1054.png,Line chart
1055,1055.png,Line chart
1056,1056.png,Bar chart
1057,1057.png,Bar chart
1058,1058.png,Line chart
1059,1059.png,Bar chart
1060,1060.png,Line chart
1061,1061.png,Bar chart
1062,1062.png,Bar chart
1063,1063.png,Bar chart
1064,1064.png,Line chart
1065,1065.png,Bar chart
1066,1066.png,Bar chart
1067,1067.png,Bar chart
1068,1068.png,Bar chart
1069,1069.png,Bar chart
1070,1070.png,Bar chart
1071,1071.png,Line chart
1072,1072.png,Bar chart
1073,1073.png,Line chart
1074,1074.png,Bar chart
1075,1075.png,Bar chart
1076,1076.png,Bar chart
1077,1077.png,Bar chart
1078,1078.png,Bar chart
1079,1079.png,Bar chart
1080,1080.png,Bar chart
1081,1081.png,Bar chart
1082,1082.png,Bar chart
1083,1083.png,Bar chart
1084,1084.png,Bar chart
1085,1085.png,Pie chart
1086,1086.png,Line chart
1087,1087.png,Bar chart
1088,1088.png,Bar chart
1089,1089.png,Bar chart
1090,1090.png,Bar chart
1091,1091.png,Bar chart
1092,1092.png,Line chart
1093,1093.png,Bar chart
1094,1094.png,Bar chart
1095,1095.png,Bar chart
1096,1096.png,Bar chart
1097,1097.png,Bar chart
1098,1098.png,Bar chart
1099,1099.png,Bar chart
1100,1100.png,Bar chart
1101,1101.png,Bar chart
1102,1102.png,Bar chart
1103,1103.png,Bar chart
1104,1104.png,Bar chart
1105,1105.png,Bar chart
1106,1106.png,Bar chart
1107,1107.png,Line chart
1108,1108.png,Bar chart
1109,1109.png,Bar chart
1110,1110.png,Line chart
1111,1111.png,Bar chart
1112,1112.png,Bar chart
1113,1113.png,Bar chart
1114,1114.png,Bar chart
1115,1115.png,Bar chart
1116,1116.png,Bar chart
1117,1117.png,Line chart
1118,1118.png,Bar chart
1119,1119.png,Bar chart
1120,1120.png,Bar chart
1121,1121.png,Bar chart
1122,1122.png,Line chart
1123,1123.png,Bar chart
1124,1124.png,Bar chart
1125,1125.png,Line chart
1126,1126.png,Line chart
1127,1127.png,Bar chart
1128,1128.png,Bar chart
1129,1129.png,Bar chart
1130,1130.png,Bar chart
1131,1131.png,Bar chart
1132,1132.png,Line chart
1133,1133.png,Bar chart
1134,1134.png,Bar chart
1135,1135.png,Line chart
1136,1136.png,Line chart
1137,1137.png,Bar chart
1138,1138.png,Bar chart
1139,1139.png,Bar chart
1140,1140.png,Line chart
1141,1141.png,Line chart
1142,1142.png,Bar chart
1143,1143.png,Bar chart
1144,1144.png,Bar chart
1145,1145.png,Bar chart
1146,1146.png,Bar chart
1147,1147.png,Bar chart
1148,1148.png,Bar chart
1149,1149.png,Bar chart
1150,1150.png,Bar chart
1151,1151.png,Bar chart
1152,1152.png,Line chart
1153,1153.png,Bar chart
1154,1154.png,Line chart
1155,1155.png,Bar chart
1156,1156.png,Line chart
1157,1157.png,Bar chart
1158,1158.png,Bar chart
1159,1159.png,Bar chart
1160,1160.png,Bar chart
1161,1161.png,Bar chart
1162,1162.png,Bar chart
1163,1163.png,Bar chart
1164,1164.png,Line chart
1165,1165.png,Bar chart
1166,1166.png,Bar chart
1167,1167.png,Bar chart
1168,1168.png,Bar chart
1169,1169.png,Bar chart
1170,1170.png,Line chart
1171,1171.png,Line chart
1172,1172.png,Bar chart
1173,1173.png,Line chart
1174,1174.png,Line chart
1175,1175.png,Bar chart
1176,1176.png,Bar chart
1177,1177.png,Bar chart
1178,1178.png,Bar chart
1179,1179.png,Line chart
1180,1180.png,Bar chart
1181,1181.png,Line chart
1182,1182.png,Bar chart
1183,1183.png,Bar chart
1184,1184.png,Bar chart
1185,1185.png,Bar chart
1186,1186.png,Bar chart
1187,1187.png,Bar chart
1188,1188.png,Bar chart
1189,1189.png,Line chart
1190,1190.png,Line chart
1191,1191.png,Bar chart
1192,1192.png,Bar chart
1193,1193.png,Line chart
1194,1194.png,Line chart
1195,1195.png,Bar chart
1196,1196.png,Bar chart
1197,1197.png,Bar chart
1198,1198.png,Line chart
1199,1199.png,Bar chart
1200,1200.png,Bar chart
1201,1201.png,Bar chart
1202,1202.png,Line chart
1203,1203.png,Line chart
1204,1204.png,Bar chart
1205,1205.png,Bar chart
1206,1206.png,Bar chart
1207,1207.png,Bar chart
1208,1208.png,Bar chart
1209,1209.png,Line chart
1210,1210.png,Bar chart
1211,1211.png,Bar chart
1212,1212.png,Bar chart
1213,1213.png,Bar chart
1214,1214.png,Bar chart
1215,1215.png,Bar chart
1216,1216.png,Bar chart
1217,1217.png,Bar chart
1218,1218.png,Bar chart
1219,1219.png,Bar chart
1220,1220.png,Line chart
1221,1221.png,Line chart
1222,1222.png,Bar chart
1223,1223.png,Bar chart
1224,1224.png,Bar chart
1225,1225.png,Line chart
1226,1226.png,Bar chart
1227,1227.png,Bar chart
1228,1228.png,Bar chart
1229,1229.png,Bar chart
1230,1230.png,Bar chart
1231,1231.png,Bar chart
1232,1232.png,Line chart
1233,1233.png,Bar chart
1234,1234.png,Bar chart
1235,1235.png,Bar chart
1236,1236.png,Bar chart
1237,1237.png,Bar chart
1238,1238.png,Bar chart
1239,1239.png,Bar chart
1240,1240.png,Bar chart
1241,1241.png,Bar chart
1242,1242.png,Line chart
1243,1243.png,Bar chart
1244,1244.png,Bar chart
1245,1245.png,Bar chart
1246,1246.png,Bar chart
1247,1247.png,Bar chart
1248,1248.png,Bar chart
1249,1249.png,Bar chart
1250,1250.png,Bar chart
1251,1251.png,Bar chart
1252,1252.png,Line chart
1253,1253.png,Bar chart
1254,1254.png,Line chart
1255,1255.png,Bar chart
1256,1256.png,Bar chart
1257,1257.png,Bar chart
1258,1258.png,Line chart
1259,1259.png,Bar chart
1260,1260.png,Bar chart
1261,1261.png,Bar chart
1262,1262.png,Bar chart
1263,1263.png,Bar chart
1264,1264.png,Line chart
1265,1265.png,Line chart
1266,1266.png,Bar chart
1267,1267.png,Line chart
1268,1268.png,Bar chart
1269,1269.png,Line chart
1270,1270.png,Bar chart
1271,1271.png,Bar chart
1272,1272.png,Line chart
1273,1273.png,Bar chart
1274,1274.png,Pie chart
1275,1275.png,Line chart
1276,1276.png,Bar chart
1277,1277.png,Bar chart
1278,1278.png,Bar chart
1279,1279.png,Line chart
1280,1280.png,Bar chart
1281,1281.png,Bar chart
1282,1282.png,Bar chart
1283,1283.png,Bar chart
1284,1284.png,Line chart
1285,1285.png,Line chart
1286,1286.png,Bar chart
1287,1287.png,Bar chart
1288,1288.png,Bar chart
1289,1289.png,Bar chart
1290,1290.png,Bar chart
1291,1291.png,Bar chart
1292,1292.png,Line chart
1293,1293.png,Bar chart
1294,1294.png,Line chart
1295,1295.png,Bar chart
1296,1296.png,Bar chart
1297,1297.png,Bar chart
1298,1298.png,Bar chart
1299,1299.png,Bar chart
1300,1300.png,Bar chart
1301,1301.png,Line chart
1302,1302.png,Bar chart
1303,1303.png,Line chart
1304,1304.png,Line chart
1305,1305.png,Bar chart
1306,1306.png,Bar chart
1307,1307.png,Pie chart
1308,1308.png,Line chart
1309,1309.png,Bar chart
1310,1310.png,Line chart
1311,1311.png,Bar chart
1312,1312.png,Bar chart
1313,1313.png,Line chart
1314,1314.png,Bar chart
1315,1315.png,Line chart
1316,1316.png,Bar chart
1317,1317.png,Bar chart
1318,1318.png,Line chart
1319,1319.png,Bar chart
1320,1320.png,Line chart
1321,1321.png,Bar chart
1322,1322.png,Bar chart
1323,1323.png,Bar chart
1324,1324.png,Bar chart
1325,1325.png,Line chart
1326,1326.png,Line chart
1327,1327.png,Line chart
1328,1328.png,Line chart
1329,1329.png,Bar chart
1330,1330.png,Bar chart
1331,1331.png,Bar chart
1332,1332.png,Bar chart
1333,1333.png,Bar chart
1334,1334.png,Bar chart
1335,1335.png,Bar chart
1336,1336.png,Bar chart
1337,1337.png,Bar chart
1338,1338.png,Bar chart
1339,1339.png,Bar chart
1340,1340.png,Bar chart
1341,1341.png,Bar chart
1342,1342.png,Bar chart
1343,1343.png,Bar chart
1344,1344.png,Line chart
1345,1345.png,Line chart
1346,1346.png,Bar chart
1347,1347.png,Bar chart
1348,1348.png,Bar chart
1349,1349.png,Bar chart
1350,1350.png,Bar chart
1351,1351.png,Bar chart
1352,1352.png,Bar chart
1353,1353.png,Bar chart
1354,1354.png,Bar chart
1355,1355.png,Bar chart
1356,1356.png,Bar chart
1357,1357.png,Pie chart
1358,1358.png,Bar chart
1359,1359.png,Bar chart
1360,1360.png,Line chart
1361,1361.png,Bar chart
1362,1362.png,Bar chart
1363,1363.png,Bar chart
1364,1364.png,Bar chart
1365,1365.png,Bar chart
1366,1366.png,Bar chart
1367,1367.png,Bar chart
1368,1368.png,Bar chart
1369,1369.png,Bar chart
1370,1370.png,Bar chart
1371,1371.png,Bar chart
1372,1372.png,Bar chart
1373,1373.png,Bar chart
1374,1374.png,Line chart
1375,1375.png,Line chart
1376,1376.png,Bar chart
1377,1377.png,Bar chart
1378,1378.png,Bar chart
1379,1379.png,Line chart
1380,1380.png,Bar chart
1381,1381.png,Bar chart
1382,1382.png,Bar chart
1383,1383.png,Bar chart
1384,1384.png,Bar chart
1385,1385.png,Bar chart
1386,1386.png,Bar chart
1387,1387.png,Bar chart
1388,1388.png,Bar chart
1389,1389.png,Bar chart
1390,1390.png,Bar chart
1391,1391.png,Bar chart
1392,1392.png,Line chart
1393,1393.png,Bar chart
1394,1394.png,Bar chart
1395,1395.png,Line chart
1396,1396.png,Bar chart
1397,1397.png,Bar chart
1398,1398.png,Bar chart
1399,1399.png,Bar chart
1400,1400.png,Bar chart
1401,1401.png,Bar chart
1402,1402.png,Bar chart
1403,1403.png,Bar chart
1404,1404.png,Bar chart
1405,1405.png,Line chart
1406,1406.png,Bar chart
1407,1407.png,Bar chart
1408,1408.png,Line chart
1409,1409.png,Bar chart
1410,1410.png,Bar chart
1411,1411.png,Bar chart
1412,1412.png,Line chart
1413,1413.png,Bar chart
1414,1414.png,Bar chart
1415,1415.png,Bar chart
1416,1416.png,Bar chart
1417,1417.png,Line chart
1418,1418.png,Line chart
1419,1419.png,Bar chart
1420,1420.png,Bar chart
1421,1421.png,Bar chart
1422,1422.png,Bar chart
1423,1423.png,Line chart
1424,1424.png,Bar chart
1425,1425.png,Bar chart
1426,1426.png,Bar chart
1427,1427.png,Bar chart
1428,1428.png,Line chart
1429,1429.png,Line chart
1430,1430.png,Bar chart
1431,1431.png,Bar chart
1432,1432.png,Bar chart
1433,1433.png,Bar chart
1434,1434.png,Bar chart
1435,1435.png,Bar chart
1436,1436.png,Bar chart
1437,1437.png,Bar chart
1438,1438.png,Bar chart
1439,1439.png,Bar chart
1440,1440.png,Line chart
1441,1441.png,Bar chart
1442,1442.png,Bar chart
1443,1443.png,Bar chart
1444,1444.png,Line chart
1445,1445.png,Bar chart
1446,1446.png,Line chart
1447,1447.png,Bar chart
1448,1448.png,Bar chart
1449,1449.png,Bar chart
1450,1450.png,Bar chart
1451,1451.png,Bar chart
1452,1452.png,Bar chart
1453,1453.png,Bar chart
1454,1454.png,Bar chart
1455,1455.png,Bar chart
1456,1456.png,Bar chart
1457,1457.png,Bar chart
1458,1458.png,Bar chart
1459,1459.png,Bar chart
1460,1460.png,Bar chart
1461,1461.png,Bar chart
1462,1462.png,Bar chart
1463,1463.png,Bar chart
1464,1464.png,Bar chart
1465,1465.png,Bar chart
1466,1466.png,Bar chart
1467,1467.png,Line chart
1468,1468.png,Bar chart
1469,1469.png,Bar chart
1470,1470.png,Bar chart
1471,1471.png,Bar chart
1472,1472.png,Bar chart
1473,1473.png,Line chart
1474,1474.png,Bar chart
1475,1475.png,Bar chart
1476,1476.png,Bar chart
1477,1477.png,Bar chart
1478,1478.png,Line chart
1479,1479.png,Line chart
1480,1480.png,Line chart
1481,1481.png,Bar chart
1482,1482.png,Line chart
1483,1483.png,Line chart
1484,1484.png,Bar chart
1485,1485.png,Line chart
1486,1486.png,Line chart
1487,1487.png,Line chart
1488,1488.png,Line chart
1489,1489.png,Bar chart
1490,1490.png,Bar chart
1491,1491.png,Bar chart
1492,1492.png,Bar chart
1493,1493.png,Bar chart
1494,1494.png,Bar chart
1495,1495.png,Bar chart
1496,1496.png,Bar chart
1497,1497.png,Bar chart
1498,1498.png,Bar chart
1499,1499.png,Bar chart
1500,1500.png,Bar chart
1501,1501.png,Line chart
1502,1502.png,Line chart
1503,1503.png,Bar chart
1504,1504.png,Bar chart
1505,1505.png,Bar chart
1506,1506.png,Bar chart
1507,1507.png,Bar chart
1508,1508.png,Bar chart
1509,1509.png,Bar chart
1510,1510.png,Bar chart
1511,1511.png,Bar chart
1512,1512.png,Bar chart
1513,1513.png,Bar chart
1514,1514.png,Bar chart
1515,1515.png,Line chart
1516,1516.png,Bar chart
1517,1517.png,Bar chart
1518,1518.png,Line chart
1519,1519.png,Bar chart
1520,1520.png,Bar chart
1521,1521.png,Line chart
1522,1522.png,Bar chart
1523,1523.png,Bar chart
1524,1524.png,Line chart
1525,1525.png,Line chart
1526,1526.png,Bar chart
1527,1527.png,Bar chart
1528,1528.png,Bar chart
1529,1529.png,Bar chart
1530,1530.png,Line chart
1531,1531.png,Line chart
1532,1532.png,Bar chart
1533,1533.png,Bar chart
1534,1534.png,Bar chart
1535,1535.png,Bar chart
1536,1536.png,Bar chart
1537,1537.png,Line chart
1538,1538.png,Bar chart
1539,1539.png,Line chart
1540,1540.png,Line chart
1541,1541.png,Bar chart
1542,1542.png,Bar chart
1543,1543.png,Bar chart
1544,1544.png,Bar chart
1545,1545.png,Bar chart
1546,1546.png,Bar chart
1547,1547.png,Bar chart
1548,1548.png,Bar chart
1549,1549.png,Bar chart
1550,1550.png,Bar chart
1551,1551.png,Line chart
1552,1552.png,Line chart
1553,1553.png,Bar chart
1554,1554.png,Bar chart
1555,1555.png,Bar chart
1556,1556.png,Line chart
1557,1557.png,Bar chart
1558,1558.png,Bar chart
1559,1559.png,Bar chart
1560,1560.png,Line chart
1561,1561.png,Bar chart
1562,1562.png,Bar chart
1563,1563.png,Bar chart
1564,1564.png,Bar chart
1565,1565.png,Bar chart
1566,1566.png,Bar chart
1567,1567.png,Bar chart
1568,1568.png,Line chart
1569,1569.png,Line chart
1570,1570.png,Bar chart
1571,1571.png,Line chart
1572,1572.png,Bar chart
1573,1573.png,Bar chart
1574,1574.png,Line chart
1575,1575.png,Bar chart
1576,1576.png,Bar chart
1577,1577.png,Bar chart
1578,1578.png,Bar chart
1579,1579.png,Bar chart
1580,1580.png,Bar chart
1581,1581.png,Bar chart
1582,1582.png,Bar chart
1583,1583.png,Pie chart
1584,1584.png,Bar chart
1585,1585.png,Bar chart
1586,1586.png,Bar chart
1587,1587.png,Bar chart
1588,1588.png,Bar chart
1589,1589.png,Bar chart
1590,1590.png,Bar chart
1591,1591.png,Line chart
1592,1592.png,Bar chart
1593,1593.png,Line chart
1594,1594.png,Line chart
1595,1595.png,Bar chart
1596,1596.png,Bar chart
1597,1597.png,Bar chart
1598,1598.png,Line chart
1599,1599.png,Bar chart
1600,1600.png,Bar chart
1601,1601.png,Bar chart
1602,1602.png,Bar chart
1603,1603.png,Line chart
1604,1604.png,Bar chart
1605,1605.png,Bar chart
1606,1606.png,Bar chart
1607,1607.png,Bar chart
1608,1608.png,Bar chart
1609,1609.png,Bar chart
1610,1610.png,Bar chart
1611,1611.png,Bar chart
1612,1612.png,Bar chart
1613,1613.png,Line chart
1614,1614.png,Bar chart
1615,1615.png,Bar chart
1616,1616.png,Bar chart
1617,1617.png,Bar chart
1618,1618.png,Bar chart
1619,1619.png,Bar chart
1620,1620.png,Bar chart
1621,1621.png,Bar chart
1622,1622.png,Bar chart
1623,1623.png,Bar chart
1624,1624.png,Bar chart
1625,1625.png,Bar chart
1626,1626.png,Bar chart
1627,1627.png,Bar chart
1628,1628.png,Bar chart
1629,1629.png,Line chart
1630,1630.png,Bar chart
1631,1631.png,Bar chart
1632,1632.png,Bar chart
1633,1633.png,Bar chart
1634,1634.png,Bar chart
1635,1635.png,Bar chart
1636,1636.png,Bar chart
1637,1637.png,Bar chart
1638,1638.png,Bar chart
1639,1639.png,Bar chart
1640,1640.png,Bar chart
1641,1641.png,Bar chart
1642,1642.png,Bar chart
1643,1643.png,Bar chart
1644,1644.png,Bar chart
1645,1645.png,Bar chart
1646,1646.png,Bar chart
1647,1647.png,Bar chart
1648,1648.png,Bar chart
1649,1649.png,Bar chart
1650,1650.png,Bar chart
1651,1651.png,Bar chart
1652,1652.png,Bar chart
1653,1653.png,Line chart
1654,1654.png,Bar chart
1655,1655.png,Bar chart
1656,1656.png,Bar chart
1657,1657.png,Bar chart
1658,1658.png,Line chart
1659,1659.png,Bar chart
1660,1660.png,Bar chart
1661,1661.png,Bar chart
1662,1662.png,Line chart
1663,1663.png,Line chart
1664,1664.png,Bar chart
1665,1665.png,Line chart
1666,1666.png,Line chart
1667,1667.png,Bar chart
1668,1668.png,Bar chart
1669,1669.png,Bar chart
1670,1670.png,Bar chart
1671,1671.png,Line chart
1672,1672.png,Line chart
1673,1673.png,Line chart
1674,1674.png,Bar chart
1675,1675.png,Bar chart
1676,1676.png,Bar chart
1677,1677.png,Line chart
1678,1678.png,Bar chart
1679,1679.png,Bar chart
1680,1680.png,Bar chart
1681,1681.png,Line chart
1682,1682.png,Bar chart
1683,1683.png,Bar chart
1684,1684.png,Line chart
1685,1685.png,Line chart
1686,1686.png,Bar chart
1687,1687.png,Bar chart
1688,1688.png,Bar chart
1689,1689.png,Bar chart
1690,1690.png,Bar chart
1691,1691.png,Bar chart
1692,1692.png,Line chart
1693,1693.png,Bar chart
1694,1694.png,Bar chart
1695,1695.png,Bar chart
1696,1696.png,Bar chart
1697,1697.png,Line chart
1698,1698.png,Bar chart
1699,1699.png,Bar chart
1700,1700.png,Bar chart
1701,1701.png,Bar chart
1702,1702.png,Bar chart
1703,1703.png,Bar chart
1704,1704.png,Bar chart
1705,1705.png,Bar chart
1706,1706.png,Bar chart
1707,1707.png,Bar chart
1708,1708.png,Bar chart
1709,1709.png,Bar chart
1710,1710.png,Bar chart
1711,1711.png,Bar chart
1712,1712.png,Bar chart
1713,1713.png,Line chart
1714,1714.png,Bar chart
1715,1715.png,Line chart
1716,1716.png,Line chart
1717,1717.png,Line chart
1718,1718.png,Bar chart
1719,1719.png,Line chart
1720,1720.png,Bar chart
1721,1721.png,Bar chart
1722,1722.png,Pie chart
1723,1723.png,Line chart
1724,1724.png,Bar chart
1725,1725.png,Bar chart
1726,1726.png,Line chart
1727,1727.png,Bar chart
1728,1728.png,Bar chart
1729,1729.png,Bar chart
1730,1730.png,Bar chart
1731,1731.png,Bar chart
1732,1732.png,Bar chart
1733,1733.png,Bar chart
1734,1734.png,Bar chart
1735,1735.png,Bar chart
1736,1736.png,Line chart
1737,1737.png,Bar chart
1738,1738.png,Bar chart
1739,1739.png,Bar chart
1740,1740.png,Bar chart
1741,1741.png,Bar chart
1742,1742.png,Bar chart
1743,1743.png,Bar chart
1744,1744.png,Bar chart
1745,1745.png,Bar chart
1746,1746.png,Bar chart
1747,1747.png,Bar chart
1748,1748.png,Bar chart
1749,1749.png,Bar chart
1750,1750.png,Bar chart
1751,1751.png,Bar chart
1752,1752.png,Pie chart
1753,1753.png,Bar chart
1754,1754.png,Bar chart
1755,1755.png,Bar chart
1756,1756.png,Bar chart
1757,1757.png,Bar chart
1758,1758.png,Bar chart
1759,1759.png,Bar chart
1760,1760.png,Bar chart
1761,1761.png,Bar chart
1762,1762.png,Bar chart
1763,1763.png,Bar chart
1764,1764.png,Bar chart
1765,1765.png,Bar chart
1766,1766.png,Line chart
1767,1767.png,Bar chart
1768,1768.png,Bar chart
1769,1769.png,Bar chart
1770,1770.png,Bar chart
1771,1771.png,Bar chart
1772,1772.png,Bar chart
1773,1773.png,Bar chart
1774,1774.png,Bar chart
1775,1775.png,Line chart
1776,1776.png,Bar chart
1777,1777.png,Bar chart
1778,1778.png,Line chart
1779,1779.png,Bar chart
1780,1780.png,Bar chart
1781,1781.png,Bar chart
1782,1782.png,Line chart
1783,1783.png,Bar chart
1784,1784.png,Bar chart
1785,1785.png,Bar chart
1786,1786.png,Bar chart
1787,1787.png,Bar chart
1788,1788.png,Bar chart
1789,1789.png,Bar chart
1790,1790.png,Bar chart
1791,1791.png,Bar chart
1792,1792.png,Line chart
1793,1793.png,Bar chart
1794,1794.png,Bar chart
1795,1795.png,Bar chart
1796,1796.png,Line chart
1797,1797.png,Bar chart
1798,1798.png,Pie chart
1799,1799.png,Bar chart
1800,1800.png,Bar chart
1801,1801.png,Bar chart
1802,1802.png,Bar chart
1803,1803.png,Bar chart
1804,1804.png,Line chart
1805,1805.png,Line chart
1806,1806.png,Bar chart
1807,1807.png,Bar chart
1808,1808.png,Bar chart
1809,1809.png,Bar chart
1810,1810.png,Bar chart
1811,1811.png,Line chart
1812,1812.png,Line chart
1813,1813.png,Bar chart
1814,1814.png,Bar chart
1815,1815.png,Bar chart
1816,1816.png,Bar chart
1817,1817.png,Bar chart
1818,1818.png,Line chart
1819,1819.png,Bar chart
1820,1820.png,Bar chart
1821,1821.png,Bar chart
1822,1822.png,Bar chart
1823,1823.png,Line chart
1824,1824.png,Bar chart
1825,1825.png,Line chart
1826,1826.png,Bar chart
1827,1827.png,Bar chart
1828,1828.png,Bar chart
1829,1829.png,Bar chart
1830,1830.png,Line chart
1831,1831.png,Bar chart
1832,1832.png,Bar chart
1833,1833.png,Bar chart
1834,1834.png,Bar chart
1835,1835.png,Bar chart
1836,1836.png,Bar chart
1837,1837.png,Bar chart
1838,1838.png,Bar chart
1839,1839.png,Bar chart
1840,1840.png,Bar chart
1841,1841.png,Bar chart
1842,1842.png,Bar chart
1843,1843.png,Bar chart
1844,1844.png,Bar chart
1845,1845.png,Bar chart
1846,1846.png,Bar chart
1847,1847.png,Bar chart
1848,1848.png,Line chart
1849,1849.png,Bar chart
1850,1850.png,Bar chart
1851,1851.png,Bar chart
1852,1852.png,Bar chart
1853,1853.png,Bar chart
1854,1854.png,Bar chart
1855,1855.png,Bar chart
1856,1856.png,Bar chart
1857,1857.png,Bar chart
1858,1858.png,Line chart
1859,1859.png,Bar chart
1860,1860.png,Bar chart
1861,1861.png,Bar chart
1862,1862.png,Bar chart
1863,1863.png,Bar chart
1864,1864.png,Line chart
1865,1865.png,Bar chart
1866,1866.png,Bar chart
1867,1867.png,Bar chart
1868,1868.png,Bar chart
1869,1869.png,Line chart
1870,1870.png,Bar chart
1871,1871.png,Bar chart
1872,1872.png,Bar chart
1873,1873.png,Bar chart
1874,1874.png,Bar chart
1875,1875.png,Bar chart
1876,1876.png,Line chart
1877,1877.png,Bar chart
1878,1878.png,Bar chart
1879,1879.png,Bar chart
1880,1880.png,Bar chart
1881,1881.png,Bar chart
1882,1882.png,Bar chart
1883,1883.png,Bar chart
1884,1884.png,Bar chart
1885,1885.png,Bar chart
1886,1886.png,Line chart
1887,1887.png,Bar chart
1888,1888.png,Bar chart
1889,1889.png,Bar chart
1890,1890.png,Line chart
1891,1891.png,Bar chart
1892,1892.png,Line chart
1893,1893.png,Bar chart
1894,1894.png,Line chart
1895,1895.png,Bar chart
1896,1896.png,Bar chart
1897,1897.png,Bar chart
1898,1898.png,Bar chart
1899,1899.png,Bar chart
1900,1900.png,Line chart
1901,1901.png,Bar chart
1902,1902.png,Bar chart
1903,1903.png,Line chart
1904,1904.png,Bar chart
1905,1905.png,Bar chart
1906,1906.png,Bar chart
1907,1907.png,Bar chart
1908,1908.png,Bar chart
1909,1909.png,Line chart
1910,1910.png,Line chart
1911,1911.png,Bar chart
1912,1912.png,Line chart
1913,1913.png,Bar chart
1914,1914.png,Bar chart
1915,1915.png,Bar chart
1916,1916.png,Bar chart
1917,1917.png,Bar chart
1918,1918.png,Bar chart
1919,1919.png,Bar chart
1920,1920.png,Bar chart
1921,1921.png,Bar chart
1922,1922.png,Bar chart
1923,1923.png,Bar chart
1924,1924.png,Bar chart
1925,1925.png,Bar chart
1926,1926.png,Bar chart
1927,1927.png,Bar chart
1928,1928.png,Bar chart
1929,1929.png,Bar chart
1930,1930.png,Bar chart
1931,1931.png,Bar chart
1932,1932.png,Bar chart
1933,1933.png,Line chart
1934,1934.png,Bar chart
1935,1935.png,Bar chart
1936,1936.png,Bar chart
1937,1937.png,Bar chart
1938,1938.png,Bar chart
1939,1939.png,Bar chart
1940,1940.png,Bar chart
1941,1941.png,Bar chart
1942,1942.png,Bar chart
1943,1943.png,Bar chart
1944,1944.png,Line chart
1945,1945.png,Line chart
1946,1946.png,Line chart
1947,1947.png,Line chart
1948,1948.png,Line chart
1949,1949.png,Line chart
1950,1950.png,Bar chart
1951,1951.png,Bar chart
1952,1952.png,Bar chart
1953,1953.png,Line chart
1954,1954.png,Bar chart
1955,1955.png,Bar chart
1956,1956.png,Line chart
1957,1957.png,Line chart
1958,1958.png,Bar chart
1959,1959.png,Bar chart
1960,1960.png,Bar chart
1961,1961.png,Bar chart
1962,1962.png,Bar chart
1963,1963.png,Bar chart
1964,1964.png,Bar chart
1965,1965.png,Bar chart
1966,1966.png,Bar chart
1967,1967.png,Bar chart
1968,1968.png,Bar chart
1969,1969.png,Bar chart
1970,1970.png,Bar chart
1971,1971.png,Bar chart
1972,1972.png,Bar chart
1973,1973.png,Bar chart
1974,1974.png,Bar chart
1975,1975.png,Bar chart
1976,1976.png,Bar chart
1977,1977.png,Bar chart
1978,1978.png,Bar chart
1979,1979.png,Bar chart
1980,1980.png,Bar chart
1981,1981.png,Bar chart
1982,1982.png,Line chart
1983,1983.png,Bar chart
1984,1984.png,Line chart
1985,1985.png,Bar chart
1986,1986.png,Line chart
1987,1987.png,Bar chart
1988,1988.png,Bar chart
1989,1989.png,Line chart
1990,1990.png,Line chart
1991,1991.png,Bar chart
1992,1992.png,Bar chart
1993,1993.png,Bar chart
1994,1994.png,Bar chart
1995,1995.png,Line chart
1996,1996.png,Bar chart
1997,1997.png,Line chart
1998,1998.png,Line chart
1999,1999.png,Line chart
2000,2000.png,Bar chart
2001,2001.png,Bar chart
2002,2002.png,Bar chart
2003,2003.png,Bar chart
2004,2004.png,Bar chart
2005,2005.png,Bar chart
2006,2006.png,Bar chart
2007,2007.png,Pie chart
2008,2008.png,Bar chart
2009,2009.png,Bar chart
2010,2010.png,Bar chart
2011,2011.png,Bar chart
2012,2012.png,Bar chart
2013,2013.png,Bar chart
2014,2014.png,Bar chart
2015,2015.png,Line chart
2016,2016.png,Line chart
2017,2017.png,Bar chart
2018,2018.png,Bar chart
2019,2019.png,Line chart
2020,2020.png,Bar chart
2021,2021.png,Bar chart
2022,2022.png,Bar chart
2023,2023.png,Bar chart
2024,2024.png,Bar chart
2025,2025.png,Bar chart
2026,2026.png,Bar chart
2027,2027.png,Bar chart
2028,2028.png,Bar chart
2029,2029.png,Bar chart
2030,2030.png,Line chart
2031,2031.png,Bar chart
2032,2032.png,Line chart
2033,2033.png,Bar chart
2034,2034.png,Bar chart
2035,2035.png,Line chart
2036,2036.png,Bar chart
2037,2037.png,Line chart
2038,2038.png,Bar chart
2039,2039.png,Line chart
2040,2040.png,Bar chart
2041,2041.png,Line chart
2042,2042.png,Bar chart
2043,2043.png,Bar chart
2044,2044.png,Line chart
2045,2045.png,Bar chart
2046,2046.png,Line chart
2047,2047.png,Bar chart
2048,2048.png,Line chart
2049,2049.png,Bar chart
2050,2050.png,Bar chart
2051,2051.png,Line chart
2052,2052.png,Bar chart
2053,2053.png,Line chart
2054,2054.png,Bar chart
2055,2055.png,Bar chart
2056,2056.png,Line chart
2057,2057.png,Line chart
2058,2058.png,Bar chart
2059,2059.png,Bar chart
2060,2060.png,Bar chart
2061,2061.png,Bar chart
2062,2062.png,Line chart
2063,2063.png,Bar chart
2064,2064.png,Bar chart
2065,2065.png,Bar chart
2066,2066.png,Bar chart
2067,2067.png,Bar chart
2068,2068.png,Line chart
2069,2069.png,Bar chart
2070,2070.png,Line chart
2071,2071.png,Bar chart
2072,2072.png,Bar chart
2073,2073.png,Bar chart
2074,2074.png,Bar chart
2075,2075.png,Bar chart
2076,2076.png,Bar chart
2077,2077.png,Bar chart
2078,2078.png,Bar chart
2079,2079.png,Bar chart
2080,2080.png,Bar chart
2081,2081.png,Bar chart
2082,2082.png,Bar chart
2083,2083.png,Line chart
2084,2084.png,Bar chart
2085,2085.png,Bar chart
2086,2086.png,Bar chart
2087,2087.png,Bar chart
2088,2088.png,Bar chart
2089,2089.png,Line chart
2090,2090.png,Bar chart
2091,2091.png,Line chart
2092,2092.png,Bar chart
2093,2093.png,Bar chart
2094,2094.png,Line chart
2095,2095.png,Line chart
2096,2096.png,Bar chart
2097,2097.png,Bar chart
2098,2098.png,Bar chart
2099,2099.png,Bar chart
2100,2100.png,Bar chart
2101,2101.png,Bar chart
2102,2102.png,Bar chart
2103,2103.png,Bar chart
2104,2104.png,Bar chart
2105,2105.png,Bar chart
2106,2106.png,Line chart
2107,2107.png,Bar chart
2108,2108.png,Bar chart
2109,2109.png,Bar chart
2110,2110.png,Bar chart
2111,2111.png,Bar chart
2112,2112.png,Bar chart
2113,2113.png,Line chart
2114,2114.png,Bar chart
2115,2115.png,Bar chart
2116,2116.png,Line chart
2117,2117.png,Line chart
2118,2118.png,Bar chart
2119,2119.png,Bar chart
2120,2120.png,Bar chart
2121,2121.png,Bar chart
2122,2122.png,Bar chart
2123,2123.png,Line chart
2124,2124.png,Bar chart
2125,2125.png,Bar chart
2126,2126.png,Bar chart
2127,2127.png,Bar chart
2128,2128.png,Bar chart
2129,2129.png,Bar chart
2130,2130.png,Bar chart
2131,2131.png,Bar chart
2132,2132.png,Line chart
2133,2133.png,Bar chart
2134,2134.png,Bar chart
2135,2135.png,Bar chart
2136,2136.png,Bar chart
2137,2137.png,Bar chart
2138,2138.png,Bar chart
2139,2139.png,Bar chart
2140,2140.png,Bar chart
2141,2141.png,Bar chart
2142,2142.png,Bar chart
2143,2143.png,Line chart
2144,2144.png,Line chart
2145,2145.png,Bar chart
2146,2146.png,Bar chart
2147,2147.png,Line chart
2148,2148.png,Line chart
2149,2149.png,Bar chart
2150,2150.png,Line chart
2151,2151.png,Line chart
2152,2152.png,Line chart
2153,2153.png,Bar chart
2154,2154.png,Bar chart
2155,2155.png,Bar chart
2156,2156.png,Line chart
2157,2157.png,Bar chart
2158,2158.png,Bar chart
2159,2159.png,Bar chart
2160,2160.png,Bar chart
2161,2161.png,Bar chart
2162,2162.png,Bar chart
2163,2163.png,Bar chart
2164,2164.png,Line chart
2165,2165.png,Bar chart
2166,2166.png,Bar chart
2167,2167.png,Bar chart
2168,2168.png,Bar chart
2169,2169.png,Bar chart
2170,2170.png,Bar chart
2171,2171.png,Bar chart
2172,2172.png,Bar chart
2173,2173.png,Bar chart
2174,2174.png,Bar chart
2175,2175.png,Bar chart
2176,2176.png,Bar chart
2177,2177.png,Line chart
2178,2178.png,Bar chart
2179,2179.png,Bar chart
2180,2180.png,Bar chart
2181,2181.png,Bar chart
2182,2182.png,Bar chart
2183,2183.png,Bar chart
2184,2184.png,Line chart
2185,2185.png,Bar chart
2186,2186.png,Bar chart
2187,2187.png,Bar chart
2188,2188.png,Bar chart
2189,2189.png,Bar chart
2190,2190.png,Bar chart
2191,2191.png,Bar chart
2192,2192.png,Line chart
2193,2193.png,Line chart
2194,2194.png,Line chart
2195,2195.png,Bar chart
2196,2196.png,Bar chart
2197,2197.png,Line chart
2198,2198.png,Line chart
2199,2199.png,Line chart
2200,2200.png,Line chart
2201,2201.png,Bar chart
2202,2202.png,Bar chart
2203,2203.png,Bar chart
2204,2204.png,Line chart
2205,2205.png,Bar chart
2206,2206.png,Bar chart
2207,2207.png,Bar chart
2208,2208.png,Line chart
2209,2209.png,Line chart
2210,2210.png,Bar chart
2211,2211.png,Bar chart
2212,2212.png,Bar chart
2213,2213.png,Bar chart
2214,2214.png,Bar chart
2215,2215.png,Bar chart
2216,2216.png,Bar chart
2217,2217.png,Bar chart
2218,2218.png,Bar chart
2219,2219.png,Line chart
2220,2220.png,Bar chart
2221,2221.png,Bar chart
2222,2222.png,Bar chart
2223,2223.png,Bar chart
2224,2224.png,Bar chart
2225,2225.png,Bar chart
2226,2226.png,Bar chart
2227,2227.png,Line chart
2228,2228.png,Bar chart
2229,2229.png,Pie chart
2230,2230.png,Bar chart
2231,2231.png,Bar chart
2232,2232.png,Bar chart
2233,2233.png,Bar chart
2234,2234.png,Bar chart
2235,2235.png,Bar chart
2236,2236.png,Bar chart
2237,2237.png,Bar chart
2238,2238.png,Bar chart
2239,2239.png,Bar chart
2240,2240.png,Bar chart
2241,2241.png,Bar chart
2242,2242.png,Bar chart
2243,2243.png,Line chart
2244,2244.png,Bar chart
2245,2245.png,Bar chart
2246,2246.png,Bar chart
2247,2247.png,Bar chart
2248,2248.png,Bar chart
2249,2249.png,Bar chart
2250,2250.png,Line chart
2251,2251.png,Bar chart
2252,2252.png,Bar chart
2253,2253.png,Bar chart
2254,2254.png,Bar chart
2255,2255.png,Line chart
2256,2256.png,Bar chart
2257,2257.png,Bar chart
2258,2258.png,Line chart
2259,2259.png,Bar chart
2260,2260.png,Bar chart
2261,2261.png,Bar chart
2262,2262.png,Bar chart
2263,2263.png,Bar chart
2264,2264.png,Bar chart
